Attendee,Age,Room Number,Vaccinated,RSVP
David Palmer,28,117,Y,N
Haley Byrd,38,234,NA,Y
Terry Hopkins,54,149,NA,N
Carol Shaw,35,535,Y,N
Shelley Houston,40,360,NA,Y
Ashley Bradshaw,NA,593,Y,Y
Robert Scott,NA,575,N,Y
Albert Herrera,64,160,N,N
Justin Mccarthy,47,174,NA,N
Ricardo White,66,277,NA,N
Clifford Roberson,43,173,Y,Y
Tracey Stevenson,29,466,NA,Y
Bernard Perez,44,430,Y,Y
Steven Smith,30,543,Y,N
George Mullins,40,505,NA,N
Danielle Carson,62,479,N,N
Andrew Mercer,34,423,N,Y
Thomas Payne,39,483,N,Y
Don Hoffman,NA,110,NA,N
Andrea Parks,NA,175,Y,Y
Tara Taylor,NA,141,NA,N
Vickie Barnes,27,249,NA,Y
Casey Faulkner,NA,106,NA,N
Shannon Jenkins,NA,144,N,Y
Joseph Potter,NA,355,Y,Y
Roy Murphy,NA,402,NA,Y
Lindsey Reyes,61,266,Y,N
Thomas Ramirez,NA,177,NA,Y
Anthony Goodman,NA,576,N,N
Christine Patel,32,363,Y,N
William Cowan,NA,211,N,Y
Samuel Gonzalez,29,142,Y,Y
Steven Bush,NA,206,NA,N
Heidi Trevino,65,167,N,Y
Nichole Scott,64,523,NA,Y
Alicia Vaughan,28,200,Y,N
Kimberly Hudson,NA,549,N,N
Linda Perez,30,409,Y,Y
Katherine Klein,58,207,NA,N
Sydney Walters,50,278,Y,N
Lisa Sullivan,29,285,Y,N
Jessica Davis,68,496,N,N
Faith Costa,46,256,Y,Y
Gina Cruz,NA,529,NA,Y
Brittany Bishop,NA,583,N,Y
Robert Johnson,55,176,N,Y
Michael Espinoza III,48,478,Y,Y
Morgan Johnston,NA,129,NA,N
Kelly Warner,51,573,Y,N
Adam Holmes,NA,559,Y,Y
Nichole Sanders,60,380,Y,N
Wesley Davis,NA,302,Y,N
Rachael Murphy,55,356,N,N
Bonnie Coleman,38,385,NA,Y
Tony Cannon,52,506,N,N
Nicholas Cole,48,340,Y,N
Michael Russell,28,333,NA,N
Matthew Harmon,35,494,N,Y
Charles Green,39,137,N,Y
Dr. Kenneth Joseph,58,568,Y,Y
Julia Briggs,57,237,Y,Y
Devin Jacobson,NA,597,N,N
Donna Baxter,NA,204,Y,N
Anthony Miller,NA,456,NA,N
Rebecca Rosales,NA,359,NA,N
Colleen Hodges,25,551,NA,Y
Kenneth Riley,54,538,NA,Y
Pamela Hernandez,36,293,NA,N
Jennifer Olsen,NA,544,NA,Y
Nathan Phillips,35,239,NA,N
Katherine Woods,50,316,NA,Y
Veronica Mitchell,32,161,NA,Y
Sherry King,NA,489,Y,N
Dustin Thompson,56,307,NA,Y
Paul Powell,NA,108,Y,N
Nicholas Cameron,NA,291,NA,Y
Jay Morgan,25,195,NA,N
Melanie Rodgers,NA,347,NA,Y
Laura Barker,NA,389,N,N
Michael Powell,NA,384,NA,N
Antonio Osborne,NA,533,N,N
Brandon Williams,26,273,N,Y
Melissa Greene,31,392,N,N
Stephanie Martinez,58,213,Y,Y
Kelsey Smith,31,546,N,Y
Roberto Lawrence,40,390,NA,N
Jacob Kelly,NA,113,NA,Y
Sarah Adams,NA,276,Y,Y
Amanda Pena,60,320,N,Y
Mary Gardner,NA,422,N,N
Ashley Arnold,28,424,N,Y
Bryan Stokes,NA,569,Y,N
Scott Watson,50,516,NA,N
Kathleen Brooks,60,126,NA,Y
Antonio Townsend,NA,499,NA,N
Brenda Johnson,NA,252,Y,N
Samuel Moore,51,433,Y,Y
Sean Rodriguez,NA,138,N,Y
Sheri Bowen,NA,451,NA,Y
Christopher Armstrong,43,303,N,Y
Michael Tucker,37,432,Y,Y
Amanda King,NA,132,N,Y
Kristina Bright,32,495,NA,N
Paul Davis,NA,465,Y,N
Judith Gray,57,584,NA,Y
Jennifer Garcia,32,352,Y,N
Kari Cabrera,50,565,NA,N
Caleb Villegas,26,418,Y,Y
Todd English,NA,401,N,N
Melissa Jackson,69,527,Y,N
Arthur Nash,63,103,Y,N
Dennis Barnes,28,536,Y,N
Carlos Adams,NA,346,N,Y
Michael Lopez,45,180,NA,Y
Evelyn Elliott,31,570,N,Y
Jason Maxwell,70,364,NA,N
Rhonda Thompson,33,185,Y,Y
Lisa Winters,NA,501,N,Y
Derrick Larson,55,283,N,N
Amy Smith,36,552,NA,N
Sarah Smith,38,421,NA,Y
Michael Collins,NA,493,NA,N
Jason Fowler,NA,397,NA,Y
Katie Waters,NA,328,NA,N
Adam Gibson,65,289,NA,N
Tracey Keller,42,541,NA,Y
Lauren Wolfe,NA,419,NA,N
Gregory Garza,38,203,Y,Y
Kristina Rowe,NA,104,N,Y
Robert Evans,38,369,N,Y
Jeremy Avery,36,157,N,N
Juan Lin,NA,542,NA,N
George Dillon,57,509,Y,Y
Richard Gonzalez,67,453,NA,N
Sarah Hill,63,586,N,Y
Nathan Rodriguez,35,477,NA,Y
Renee Williams,47,589,Y,Y
William Obrien,NA,242,NA,Y
Chad Mayo II,NA,357,NA,Y
Richard Rice,NA,327,NA,Y
Alan Cruz Jr.,NA,224,N,N
Nicole Nichols,25,408,N,Y
Bonnie Friedman,26,488,Y,N
Alexis Walters,33,212,N,Y
Christina Anderson,NA,591,N,Y
Shirley Wilson,50,216,N,N
Erin Chang,45,163,NA,N
Courtney Acosta,33,268,N,Y
Anita Harrison,50,128,N,Y
Cassie Johnson,NA,520,Y,N
Jessica Nichols,NA,387,NA,Y
Thomas Mendoza,NA,288,Y,Y
Mary Garner,47,287,Y,Y
Chris Stein,NA,540,N,Y
Cassandra Guerrero,25,150,Y,N
Kristi Shaw,60,311,N,N
Courtney Tapia,NA,181,N,N
Brandi Lang DDS,31,124,NA,N
Jacob Walker,68,367,NA,Y
David Carroll,NA,240,NA,Y
Amanda Richards,NA,592,N,Y
David Duran,34,308,Y,N
Katie Reid,57,539,Y,N
Ruth Gentry,32,350,Y,Y
Kelly Campbell,NA,507,N,N
Jessica Collins,43,395,Y,Y
Priscilla Miller,40,417,N,Y
Reginald Walker,NA,127,NA,Y
Melissa Wilson,NA,194,Y,N
Michael Tate,NA,331,N,Y
Thomas Hernandez,NA,306,N,Y
Mr. Dylan Ayers DVM,50,186,Y,Y
James Gonzalez,NA,120,NA,N
Ariel Lloyd,47,566,Y,N
Gregory Gutierrez,44,118,NA,Y
Evan Gonzalez,NA,130,N,N
Yvonne Herrera,63,312,NA,N
Joe Mccormick,51,547,Y,N
John Scott,29,445,Y,N
Amy Lopez,67,372,NA,Y
Carlos Gordon,NA,192,Y,Y
David Miller,61,210,NA,Y
Tiffany Craig,NA,241,Y,N
Brian Nelson,41,530,NA,Y
Lisa Thompson,65,585,N,Y
Tyrone Gomez,28,475,N,N
Christian Sanchez,30,134,Y,N
Terry Bennett,NA,147,N,Y
Olivia Castillo,NA,205,N,Y
Jaime Obrien,NA,425,Y,Y
Peter Walter,NA,172,NA,N
John Martinez,31,295,Y,Y
Tara Lane,NA,199,NA,Y
Bill Adams,38,455,Y,Y
Ashley Parker,NA,463,N,N
Robin Garza,37,447,Y,Y
Anthony Smith,NA,393,N,Y
Dawn Hall,66,368,Y,N
Jason Jimenez,59,121,NA,Y
Leah Kelly,31,254,NA,N
Lisa Shaw,58,548,N,Y
Alex Robbins,NA,253,NA,N
Paul Harmon,59,326,Y,Y
Jennifer Acosta,60,111,NA,N
Ryan Rodriguez,54,567,Y,N
Jessica Carroll MD,30,440,Y,N
Crystal Mcclure,31,323,Y,N
Timothy Wood,66,412,N,Y
William Ball,NA,272,N,Y
Kaitlin Santos,69,513,NA,N
Carrie Jones,45,178,NA,N
Misty Cummings,50,394,Y,Y
Daniel Buckley,45,330,NA,N
Mary Bruce,61,265,NA,N
Jesse Walker,36,371,N,N
Nicholas Allen,62,218,Y,Y
Chad Thomas,25,300,NA,N
Charles Jones,34,294,N,N
Sarah Joseph,48,374,NA,N
Christie Bullock,39,587,NA,Y
Karl Taylor,51,231,N,Y
Barry Anderson,56,250,NA,N
Kim May,53,248,N,Y
William Wilson,NA,259,Y,Y
Casey Watson,NA,370,N,Y
Kelly Duffy,63,486,Y,N
Carolyn Thompson,NA,458,Y,Y
Sydney Black,50,582,N,N
Jo Hammond,NA,193,N,Y
William Harrison,43,528,Y,N
Stephen Becker,NA,487,Y,N
Joshua Cross,59,314,NA,N
Steven Bond,36,143,N,N
Henry Young,NA,450,NA,Y
Amber Valencia,64,373,N,N
Lisa White,53,228,NA,Y
Olivia Robinson,49,429,Y,N
Michael Morris,NA,344,Y,Y
Cassandra Shaw,NA,411,Y,Y
Kenneth Hale,64,315,N,Y
Antonio Richardson,NA,310,N,Y
Tammy Smith,NA,263,N,Y
Christopher White,54,553,NA,Y
Jason Cervantes,NA,332,Y,Y
Donald Barrett,57,599,N,Y
Cynthia Duran,64,156,NA,Y
Haley Figueroa,NA,184,N,Y
Jodi Barnes,39,399,N,N
Cindy Neal,68,351,N,N
Nancy Henry,30,164,N,Y
Jeremy Becker,57,379,Y,Y
Matthew Smith,30,514,N,N
Thomas Webb,37,165,NA,N
James Brown,32,107,N,N
Cynthia Macias,27,319,N,Y
Todd Ross,59,183,NA,Y
Gerald Lewis,52,562,Y,N
Christopher Beck,67,221,NA,N
Michelle Pittman,38,485,Y,N
Emily Hernandez,68,154,NA,Y
Patrick Moore,61,556,NA,N
Robert Gregory,26,508,Y,N
Jeremy Hall,28,349,NA,N
Alex Butler,NA,564,N,Y
Brenda Taylor,25,464,N,N
James Gordon,NA,269,N,N
Kelly Mcdaniel,56,109,N,Y
Anna Klein,NA,446,Y,N
Shelby Powell,NA,560,N,Y
Richard Wise,25,391,NA,Y
Ashley Vega,66,290,Y,Y
Timothy Taylor,68,317,NA,N
Shannon Bruce,NA,168,NA,N
Stacey Newman,44,518,NA,Y
Randy Wilson,57,598,N,Y
David Davis,63,335,Y,N
Nancy Patel,38,226,Y,Y
Taylor Garcia,NA,545,N,Y
David Fuentes,NA,462,Y,Y
Dennis Richardson,40,135,NA,N
Jeffrey Hobbs,NA,476,N,N
Bobby Nguyen,57,383,N,N
Stephen Griffin,36,139,N,Y
Donna Graves,42,491,N,Y
Gabriella Lee,59,247,NA,Y
Jacob Cummings,NA,366,NA,Y
Randall Logan,NA,223,N,N
Jeffrey Williams,NA,498,NA,N
Donald Moore,36,105,NA,N
Kayla Norris,NA,398,Y,N
Victoria Silva,27,208,Y,N
Nicole Jones,33,375,NA,N
Marissa Meyers,69,304,NA,Y
Jennifer Hartman,48,301,NA,Y
Robert Proctor,NA,284,Y,Y
Christian Daniels,61,438,NA,Y
Joanna Baker,50,481,N,N
Jeffrey Robinson,NA,227,Y,Y
Tanner Shannon,53,313,NA,N
Jamie Dixon,66,472,N,Y
Mark Turner,26,281,Y,N
Shane Jackson,34,151,Y,N
Tina Wallace,30,388,Y,Y
Kristen Houston,52,436,N,Y
Ryan Le,NA,572,NA,Y
Erin Lee,NA,427,Y,N
Derek Smith,NA,217,N,N
Julie Thomas,NA,415,N,N
Rachael Patterson,29,309,N,Y
Tina Riley,39,140,Y,N
Lisa Rojas,NA,522,NA,Y
Laura Kelly,32,595,N,Y
Anthony Perry,43,279,NA,Y
Carrie Johnson,54,579,NA,N
Kenneth Matthews,51,114,N,N
Eric Maxwell,NA,470,Y,N
Carlos Benson,NA,439,Y,N
Dawn Taylor,57,337,N,N
Cristian Rollins,63,123,NA,Y
Jared Davis,61,119,N,Y
Joseph Reed,55,554,N,Y
Regina Hill,NA,255,NA,N
Michael Holmes,NA,434,Y,N
Bradley Myers,46,342,N,Y
Steven Cruz,NA,116,NA,Y
Jessica Haynes,41,497,NA,N
Robin Patterson,38,378,Y,N
Jennifer Sanchez,NA,519,N,Y
Kristina Hicks,43,590,N,N
Suzanne Holder,NA,244,Y,Y
Tanner Torres,47,428,Y,N
William Lamb,NA,460,N,Y
David Hill,49,229,Y,N
Mrs. Christina Baker,NA,296,NA,N
Nathaniel Brown,60,219,NA,Y
Laura Noble,NA,405,N,Y
Henry Young,53,188,Y,Y
Margaret Williams,67,558,NA,Y
Andrew Ellis,40,209,NA,Y
Nicholas Johnson,NA,444,N,Y
Charles Hunter,25,525,N,N
Shawn Golden,37,396,NA,Y
Cody Calderon,68,133,Y,Y
Sean Weber,28,431,N,N
Mary Turner,39,382,Y,N
Anthony Peck,38,358,Y,Y
Christopher Davis,29,158,N,Y
Rebecca Carroll,NA,162,Y,Y
Adriana Sloan,68,361,Y,Y
Rhonda Johnson,NA,407,Y,Y
Leslie Foster,40,201,NA,N
Sylvia Rivera,36,500,N,N
Rebekah Williams,51,345,NA,N
Ruben Peterson,29,437,N,N
Russell Mckinney,NA,230,N,N
Joseph Gibson,NA,581,NA,Y
Matthew Richardson,51,318,Y,N
Valerie Page,26,343,NA,Y
Johnny Smith,48,122,N,Y
Elizabeth Taylor,42,503,Y,Y
James Gardner,NA,233,N,Y
Philip Clay,NA,414,NA,Y
Gregory Stevenson,35,532,Y,N
Kimberly Rodriguez,69,267,NA,N
Jacob Black,52,100,Y,Y
Melanie Moses,NA,214,N,N
Larry Swanson,NA,537,Y,N
Chris Davidson,53,435,Y,N
Melissa Russell,28,338,NA,N
Mercedes Gray,58,189,N,Y
Wendy Hogan,NA,441,N,N
Mary Phillips DDS,70,282,N,Y
Gwendolyn Thompson,46,329,NA,Y
Andrew Gonzalez,NA,299,N,Y
Diana Lewis,NA,490,N,Y
Samantha Lewis,50,182,Y,Y
Wayne Green,38,534,NA,Y
Nathaniel Brown,68,187,N,N
Debbie Hoffman,NA,471,NA,N
Amber Santiago,NA,202,Y,N
Jonathan Campbell,65,261,NA,Y
Alexandra Aguilar,69,474,Y,Y
Heather Wilson,NA,198,NA,N
Adrienne Fletcher,NA,504,Y,Y
Sara Davis,25,555,Y,Y
Mark Brown,42,571,N,N
Joe Davis,39,297,NA,Y
Eric Baxter,NA,341,NA,N
Holly Jenkins,69,260,N,N
Brian Griffin,55,404,Y,N
Mark Pittman,28,512,N,N
Heather Green,NA,321,Y,Y
Jennifer Jimenez,NA,220,NA,N
Margaret Lewis,30,557,N,N
Robin Gordon,50,492,Y,Y
Philip Williams,NA,376,Y,N
Karen Jackson,49,574,Y,Y
Veronica Campbell,NA,170,Y,Y
Rhonda Dunn,39,561,N,Y
Blake Nguyen,39,449,N,Y
George Anderson,NA,275,Y,N
Laura Owens,42,531,Y,Y
Amy Ruiz,40,339,Y,N
Tracy Williams,69,348,Y,Y
Regina Martinez,46,169,N,N
Angel Zhang,45,452,Y,Y
Paul Welch,61,115,N,Y
Tony Cowan,NA,484,Y,N
Erin Johnson,46,264,Y,N
Chase Anderson,35,243,NA,N
Tracy Perez,35,274,Y,N
Lucas Klein,49,563,NA,Y
John Howe,NA,442,NA,N
Amanda Beltran,62,155,Y,N
Julia Nielsen,60,459,N,N
Nathan White,60,196,N,Y
Jacob Thompson,40,153,Y,N
Jerry Wood,26,410,Y,N
Jeffery Aguilar,41,148,Y,N
Kevin Reese,51,577,Y,N
Laura Flores,NA,235,N,Y
Gregory Long,60,386,NA,Y
Caitlin Wilson,NA,365,N,Y
Connor Oliver,NA,102,NA,Y
Austin Caldwell,58,225,Y,Y
Donna Mitchell,NA,271,N,Y
Misty Kim,NA,377,NA,N
Dustin Lewis,31,258,N,N
Rachel Daugherty,41,467,NA,Y
Brandi Hughes,53,246,NA,N
Ashley Wilson,65,270,NA,Y
Kelly Knight,38,145,NA,Y
Nathan Moran,NA,468,Y,N
Kenneth Flores,65,262,Y,Y
Kimberly Meza,62,197,Y,N
Hailey Wagner,64,550,Y,Y
Brady Peck,NA,336,NA,N
